{
    "stat_test": "student",
    "metrics": [
        "recall@1000",
        "ndcg@10"
    ],
    "model_names": [
        "BM25",
        "TF-IDF",
        "DeepCT",
        "deepimpact",
        "unicoil",
        "Splade"
    ],
    "BM25": {
        "scores": {
            "recall@1000": 0.660032096824192,
            "ndcg@10": 0.2743290477336922
        },
        "comparisons": {
            "TF-IDF": {
                "recall@1000": 0.9481480258501621,
                "ndcg@10": 0.9525161420287223
            },
            "DeepCT": {
                "recall@1000": 0.27803232933855965,
                "ndcg@10": 6.105220144705426e-06
            },
            "deepimpact": {
                "recall@1000": 0.0019567874798026514,
                "ndcg@10": 1.6554347039451655e-07
            },
            "unicoil": {
                "recall@1000": 3.4086829531239725e-05,
                "ndcg@10": 2.86865897347865e-05
            },
            "Splade": {
                "recall@1000": 9.300505077459109e-27,
                "ndcg@10": 7.199824857996303e-29
            }
        },
        "win_tie_loss": {
            "TF-IDF": {
                "recall@1000": {
                    "W": 12,
                    "T": 383,
                    "L": 5
                },
                "ndcg@10": {
                    "W": 15,
                    "T": 366,
                    "L": 19
                }
            },
            "DeepCT": {
                "recall@1000": {
                    "W": 87,
                    "T": 177,
                    "L": 136
                },
                "ndcg@10": {
                    "W": 129,
                    "T": 71,
                    "L": 200
                }
            },
            "deepimpact": {
                "recall@1000": {
                    "W": 141,
                    "T": 150,
                    "L": 109
                },
                "ndcg@10": {
                    "W": 130,
                    "T": 56,
                    "L": 214
                }
            },
            "unicoil": {
                "recall@1000": {
                    "W": 160,
                    "T": 130,
                    "L": 110
                },
                "ndcg@10": {
                    "W": 142,
                    "T": 64,
                    "L": 194
                }
            },
            "Splade": {
                "recall@1000": {
                    "W": 26,
                    "T": 145,
                    "L": 229
                },
                "ndcg@10": {
                    "W": 90,
                    "T": 47,
                    "L": 263
                }
            }
        }
    },
    "TF-IDF": {
        "scores": {
            "recall@1000": 0.6600727790714097,
            "ndcg@10": 0.274302248446533
        },
        "comparisons": {
            "BM25": {
                "recall@1000": 0.9481480258501621,
                "ndcg@10": 0.9525161420287223
            },
            "DeepCT": {
                "recall@1000": 0.27656856775490984,
                "ndcg@10": 5.811788635662641e-06
            },
            "deepimpact": {
                "recall@1000": 0.0017734290967087593,
                "ndcg@10": 1.596623333926526e-07
            },
            "unicoil": {
                "recall@1000": 2.9104628779601826e-05,
                "ndcg@10": 2.7152593928098638e-05
            },
            "Splade": {
                "recall@1000": 6.429328507955459e-27,
                "ndcg@10": 7.587274510751574e-29
            }
        },
        "win_tie_loss": {
            "BM25": {
                "recall@1000": {
                    "W": 5,
                    "T": 383,
                    "L": 12
                },
                "ndcg@10": {
                    "W": 19,
                    "T": 366,
                    "L": 15
                }
            },
            "DeepCT": {
                "recall@1000": {
                    "W": 87,
                    "T": 175,
                    "L": 138
                },
                "ndcg@10": {
                    "W": 128,
                    "T": 71,
                    "L": 201
                }
            },
            "deepimpact": {
                "recall@1000": {
                    "W": 141,
                    "T": 151,
                    "L": 108
                },
                "ndcg@10": {
                    "W": 131,
                    "T": 55,
                    "L": 214
                }
            },
            "unicoil": {
                "recall@1000": {
                    "W": 160,
                    "T": 131,
                    "L": 109
                },
                "ndcg@10": {
                    "W": 143,
                    "T": 63,
                    "L": 194
                }
            },
            "Splade": {
                "recall@1000": {
                    "W": 27,
                    "T": 144,
                    "L": 229
                },
                "ndcg@10": {
                    "W": 91,
                    "T": 46,
                    "L": 263
                }
            }
        }
    },
    "DeepCT": {
        "scores": {
            "recall@1000": 0.6687384324624817,
            "ndcg@10": 0.3185199916171884
        },
        "comparisons": {
            "BM25": {
                "recall@1000": 0.27803232933855965,
                "ndcg@10": 6.105220144705426e-06
            },
            "TF-IDF": {
                "recall@1000": 0.27656856775490984,
                "ndcg@10": 5.811788635662641e-06
            },
            "deepimpact": {
                "recall@1000": 8.763251347867797e-06,
                "ndcg@10": 0.11854772025935424
            },
            "unicoil": {
                "recall@1000": 2.915514708546614e-07,
                "ndcg@10": 0.5802258511597368
            },
            "Splade": {
                "recall@1000": 5.8728098411781325e-25,
                "ndcg@10": 8.503992251868065e-21
            }
        },
        "win_tie_loss": {
            "BM25": {
                "recall@1000": {
                    "W": 136,
                    "T": 177,
                    "L": 87
                },
                "ndcg@10": {
                    "W": 200,
                    "T": 71,
                    "L": 129
                }
            },
            "TF-IDF": {
                "recall@1000": {
                    "W": 138,
                    "T": 175,
                    "L": 87
                },
                "ndcg@10": {
                    "W": 201,
                    "T": 71,
                    "L": 128
                }
            },
            "deepimpact": {
                "recall@1000": {
                    "W": 141,
                    "T": 162,
                    "L": 97
                },
                "ndcg@10": {
                    "W": 156,
                    "T": 62,
                    "L": 182
                }
            },
            "unicoil": {
                "recall@1000": {
                    "W": 166,
                    "T": 153,
                    "L": 81
                },
                "ndcg@10": {
                    "W": 149,
                    "T": 85,
                    "L": 166
                }
            },
            "Splade": {
                "recall@1000": {
                    "W": 34,
                    "T": 143,
                    "L": 223
                },
                "ndcg@10": {
                    "W": 95,
                    "T": 58,
                    "L": 247
                }
            }
        }
    },
    "deepimpact": {
        "scores": {
            "recall@1000": 0.6273858180037926,
            "ndcg@10": 0.33362059735101
        },
        "comparisons": {
            "BM25": {
                "recall@1000": 0.0019567874798026514,