{
    "stat_test": "student",
    "metrics": [
        "recall@1000",
        "ndcg@10"
    ],
    "model_names": [
        "BM25",
        "TF-IDF",
        "DeepCT",
        "deepimpact",
        "unicoil",
        "Splade"
    ],
    "BM25": {
        "scores": {
            "recall@1000": 0.7742451178793771,
            "ndcg@10": 0.2525888386645463
        },
        "comparisons": {
            "TF-IDF": {
                "recall@1000": 0.10154590208442885,
                "ndcg@10": 0.42730888770034736
            },
            "DeepCT": {
                "recall@1000": 0.7983107821025642,
                "ndcg@10": 0.07052302754476693
            },
            "deepimpact": {
                "recall@1000": 0.0041763276466041345,
                "ndcg@10": 0.9105443261868713
            },
            "unicoil": {
                "recall@1000": 3.5501642991143623e-05,
                "ndcg@10": 0.03275055771121035
            },
            "Splade": {
                "recall@1000": 4.417003129996034e-13,
                "ndcg@10": 1.1978606513201707e-19
            }
        },
        "win_tie_loss": {
            "TF-IDF": {
                "recall@1000": {
                    "W": 14,
                    "T": 628,
                    "L": 6
                },
                "ndcg@10": {
                    "W": 31,
                    "T": 567,
                    "L": 50
                }
            },
            "DeepCT": {
                "recall@1000": {
                    "W": 47,
                    "T": 564,
                    "L": 37
                },
                "ndcg@10": {
                    "W": 126,
                    "T": 371,
                    "L": 151
                }
            },
            "deepimpact": {
                "recall@1000": {
                    "W": 96,
                    "T": 497,
                    "L": 55
                },
                "ndcg@10": {
                    "W": 166,
                    "T": 312,
                    "L": 170
                }
            },
            "unicoil": {
                "recall@1000": {
                    "W": 101,
                    "T": 493,
                    "L": 54
                },
                "ndcg@10": {
                    "W": 145,
                    "T": 313,
                    "L": 190
                }
            },
            "Splade": {
                "recall@1000": {
                    "W": 28,
                    "T": 500,
                    "L": 120
                },
                "ndcg@10": {
                    "W": 92,
                    "T": 299,
                    "L": 257
                }
            }
        }
    },
    "TF-IDF": {
        "scores": {
            "recall@1000": 0.768946763969912,
            "ndcg@10": 0.2536586503732618
        },
        "comparisons": {
            "BM25": {
                "recall@1000": 0.10154590208442885,
                "ndcg@10": 0.42730888770034736
            },
            "DeepCT": {
                "recall@1000": 0.5990292224004299,
                "ndcg@10": 0.10435546800410138
            },
            "deepimpact": {
                "recall@1000": 0.016506135465567083,
                "ndcg@10": 0.8291402911178655
            },
            "unicoil": {
                "recall@1000": 0.000353799684174265,
                "ndcg@10": 0.03934245427058981
            },
            "Splade": {
                "recall@1000": 5.158676666570905e-15,
                "ndcg@10": 2.1665927919071102e-19
            }
        },
        "win_tie_loss": {
            "BM25": {
                "recall@1000": {
                    "W": 6,
                    "T": 628,
                    "L": 14
                },
                "ndcg@10": {
                    "W": 50,
                    "T": 567,
                    "L": 31
                }
            },
            "DeepCT": {
                "recall@1000": {
                    "W": 42,
                    "T": 565,
                    "L": 41
                },
                "ndcg@10": {
                    "W": 128,
                    "T": 370,
                    "L": 150
                }
            },
            "deepimpact": {
                "recall@1000": {
                    "W": 85,
                    "T": 510,
                    "L": 53
                },
                "ndcg@10": {
                    "W": 168,
                    "T": 310,
                    "L": 170
                }
            },
            "unicoil": {
                "recall@1000": {
                    "W": 97,
                    "T": 493,
                    "L": 58
                },
                "ndcg@10": {
                    "W": 153,
                    "T": 307,
                    "L": 188
                }
            },
            "Splade": {
                "recall@1000": {
                    "W": 26,
                    "T": 497,
                    "L": 125
                },
                "ndcg@10": {
                    "W": 92,
                    "T": 299,
                    "L": 257
                }
            }
        }
    },
    "DeepCT": {
        "scores": {
            "recall@1000": 0.7725530984790244,
            "ndcg@10": 0.2645882475368239
        },
        "comparisons": {
            "BM25": {
                "recall@1000": 0.7983107821025642,
                "ndcg@10": 0.07052302754476693
            },
            "TF-IDF": {
                "recall@1000": 0.5990292224004299,
                "ndcg@10": 0.10435546800410138
            },
            "deepimpact": {
                "recall@1000": 0.006606971681671351,
                "ndcg@10": 0.19382413857507624
            },
            "unicoil": {
                "recall@1000": 8.646699047569087e-05,
                "ndcg@10": 0.3180321877190327
            },
            "Splade": {
                "recall@1000": 2.5678222317924026e-14,
                "ndcg@10": 4.275819298538797e-17
            }
        },
        "win_tie_loss": {
            "BM25": {
                "recall@1000": {
                    "W": 37,
                    "T": 564,
                    "L": 47
                },
                "ndcg@10": {
                    "W": 151,
                    "T": 371,
                    "L": 126
                }
            },
            "TF-IDF": {
                "recall@1000": {
                    "W": 41,
                    "T": 565,
                    "L": 42
                },
                "ndcg@10": {
                    "W": 150,
                    "T": 370,
                    "L": 128
                }
            },
            "deepimpact": {
                "recall@1000": {
                    "W": 90,
                    "T": 507,
                    "L": 51
                },
                "ndcg@10": {
                    "W": 169,
                    "T": 325,
                    "L": 154
                }
            },
            "unicoil": {
                "recall@1000": {
                    "W": 101,
                    "T": 493,
                    "L": 54
                },
                "ndcg@10": {
                    "W": 161,
                    "T": 310,
                    "L": 177
                }
            },
            "Splade": {
                "recall@1000": {
                    "W": 19,
                    "T": 511,
                    "L": 118
                },
                "ndcg@10": {
                    "W": 99,
                    "T": 308,
                    "L": 241
                }
            }
        }
    },
    "deepimpact": {
        "scores": {
            "recall@1000": 0.747488892280559,
            "ndcg@10": 0.25138861906986376
        },
        "comparisons": {
            "BM25": {
                "recall@1000": 0.0041763276466041345,
                "ndcg@10": 0.9105443261868713
            },