{
    "stat_test": "student",
    "metrics": [
        "recall@1000",
        "ndcg@10"
    ],
    "model_names": [
        "BM25",
        "TF-IDF",
        "DeepCT",
        "DeepImpact",
        "unicoil",
        "Splade"
    ],
    "BM25": {
        "scores": {
            "recall@1000": 0.8520594193112762,
            "ndcg@10": 0.5130781345117952
        },
        "comparisons": {
            "TF-IDF": {
                "recall@1000": 6.202623953766869e-05,
                "ndcg@10": 0.015287471821478299
            },
            "DeepCT": {
                "recall@1000": 3.675194922133002e-07,
                "ndcg@10": 1.8663897663625775e-75
            },
            "DeepImpact": {
                "recall@1000": 3.0933969722051324e-35,
                "ndcg@10": 3.1478178187661984e-306
            },
            "unicoil": {
                "recall@1000": 0.38324019932939213,
                "ndcg@10": 3.582150802966432e-199
            },
            "Splade": {
                "recall@1000": 2.3302359230646535e-61,
                "ndcg@10": 0.0
            }
        },
        "win_tie_loss": {
            "TF-IDF": {
                "recall@1000": {
                    "W": 32,
                    "T": 7366,
                    "L": 7
                },
                "ndcg@10": {
                    "W": 273,
                    "T": 6950,
                    "L": 182
                }
            },
            "DeepCT": {
                "recall@1000": {
                    "W": 708,
                    "T": 6167,
                    "L": 530
                },
                "ndcg@10": {
                    "W": 1646,
                    "T": 2893,
                    "L": 2866
                }
            },
            "DeepImpact": {
                "recall@1000": {
                    "W": 382,
                    "T": 6218,
                    "L": 805
                },
                "ndcg@10": {
                    "W": 1201,
                    "T": 2686,
                    "L": 3518
                }
            },
            "unicoil": {
                "recall@1000": {
                    "W": 760,
                    "T": 5929,
                    "L": 716
                },
                "ndcg@10": {
                    "W": 1470,
                    "T": 2615,
                    "L": 3320
                }
            },
            "Splade": {
                "recall@1000": {
                    "W": 375,
                    "T": 6059,
                    "L": 971
                },
                "ndcg@10": {
                    "W": 1060,
                    "T": 2530,
                    "L": 3815
                }
            }
        }
    },
    "TF-IDF": {
        "scores": {
            "recall@1000": 0.8503713706954761,
            "ndcg@10": 0.5123478643175908
        },
        "comparisons": {
            "BM25": {
                "recall@1000": 6.202623953766869e-05,
                "ndcg@10": 0.015287471821478299
            },
            "DeepCT": {
                "recall@1000": 1.0876472775477186e-05,
                "ndcg@10": 3.479828607232514e-77
            },
            "DeepImpact": {
                "recall@1000": 1.131887690343651e-38,
                "ndcg@10": 4.00241299793654e-309
            },
            "unicoil": {
                "recall@1000": 0.8039223050194667,
                "ndcg@10": 9.165150795605882e-202
            },
            "Splade": {
                "recall@1000": 3.464236059217806e-65,
                "ndcg@10": 0.0
            }
        },
        "win_tie_loss": {
            "BM25": {
                "recall@1000": {
                    "W": 7,
                    "T": 7366,
                    "L": 32
                },
                "ndcg@10": {
                    "W": 182,
                    "T": 6950,
                    "L": 273
                }
            },
            "DeepCT": {
                "recall@1000": {
                    "W": 698,
                    "T": 6163,
                    "L": 544
                },
                "ndcg@10": {
                    "W": 1637,
                    "T": 2891,
                    "L": 2877
                }
            },
            "DeepImpact": {
                "recall@1000": {
                    "W": 376,
                    "T": 6207,
                    "L": 822
                },
                "ndcg@10": {
                    "W": 1201,
                    "T": 2671,
                    "L": 3533
                }
            },
            "unicoil": {
                "recall@1000": {
                    "W": 753,
                    "T": 5918,
                    "L": 734
                },
                "ndcg@10": {
                    "W": 1471,
                    "T": 2595,
                    "L": 3339
                }
            },
            "Splade": {
                "recall@1000": {
                    "W": 373,
                    "T": 6040,
                    "L": 992
                },
                "ndcg@10": {
                    "W": 1057,
                    "T": 2525,
                    "L": 3823
                }
            }
        }
    },
    "DeepCT": {
        "scores": {
            "recall@1000": 0.8395003376097232,
            "ndcg@10": 0.5764855530304768
        },
        "comparisons": {
            "BM25": {
                "recall@1000": 3.675194922133002e-07,
                "ndcg@10": 1.8663897663625775e-75
            },
            "TF-IDF": {
                "recall@1000": 1.0876472775477186e-05,
                "ndcg@10": 3.479828607232514e-77
            },
            "DeepImpact": {
                "recall@1000": 1.7858358060852947e-73,
                "ndcg@10": 7.025422154348009e-133
            },
            "unicoil": {
                "recall@1000": 8.010607911663563e-05,
                "ndcg@10": 5.454727369386472e-44
            },
            "Splade": {
                "recall@1000": 3.856180183431239e-110,
                "ndcg@10": 2.426749670961311e-259
            }
        },
        "win_tie_loss": {
            "BM25": {
                "recall@1000": {
                    "W": 530,
                    "T": 6167,
                    "L": 708
                },
                "ndcg@10": {
                    "W": 2866,
                    "T": 2893,
                    "L": 1646
                }
            },
            "TF-IDF": {
                "recall@1000": {
                    "W": 544,
                    "T": 6163,
                    "L": 698
                },
                "ndcg@10": {
                    "W": 2877,
                    "T": 2891,
                    "L": 1637
                }
            },
            "DeepImpact": {
                "recall@1000": {
                    "W": 271,
                    "T": 6258,
                    "L": 876
                },
                "ndcg@10": {
                    "W": 1371,
                    "T": 3243,
                    "L": 2791
                }
            },
            "unicoil": {
                "recall@1000": {
                    "W": 600,
                    "T": 6070,
                    "L": 735
                },
                "ndcg@10": {
                    "W": 1727,
                    "T": 3071,
                    "L": 2607
                }
            },
            "Splade": {
                "recall@1000": {
                    "W": 239,
                    "T": 6150,
                    "L": 1016
                },
                "ndcg@10": {
                    "W": 1103,
                    "T": 3225,
                    "L": 3077
                }
            }
        }
    },
    "DeepImpact": {
        "scores": {
            "recall@1000": 0.8820391627278865,
            "ndcg@10": 0.6474833552869376
        },