{
    "stat_test": "student",
    "metrics": [
        "recall@1000",
        "ndcg@10"
    ],
    "model_names": [
        "BM25",
        "TF-IDF",
        "DeepCT",
        "deepimpact",
        "unicoil",
        "Splade"
    ],
    "BM25": {
        "scores": {
            "recall@1000": 0.7361896623436667,
            "ndcg@10": 0.4792117172330024
        },
        "comparisons": {
            "TF-IDF": {
                "recall@1000": 0.7104720302873407,
                "ndcg@10": 0.4195341410657907
            },
            "DeepCT": {
                "recall@1000": 0.7286809987948641,
                "ndcg@10": 0.047126504413426494
            },
            "deepimpact": {
                "recall@1000": 0.8365239231219908,
                "ndcg@10": 1.9045556139030655e-05
            },
            "unicoil": {
                "recall@1000": 0.983167098054311,
                "ndcg@10": 0.0003200207761988342
            },
            "Splade": {
                "recall@1000": 0.010705476187224141,
                "ndcg@10": 1.510868968760273e-07
            }
        },
        "win_tie_loss": {
            "TF-IDF": {
                "recall@1000": {
                    "W": 2,
                    "T": 39,
                    "L": 2
                },
                "ndcg@10": {
                    "W": 2,
                    "T": 39,
                    "L": 2
                }
            },
            "DeepCT": {
                "recall@1000": {
                    "W": 17,
                    "T": 11,
                    "L": 15
                },
                "ndcg@10": {
                    "W": 16,
                    "T": 0,
                    "L": 27
                }
            },
            "deepimpact": {
                "recall@1000": {
                    "W": 22,
                    "T": 8,
                    "L": 13
                },
                "ndcg@10": {
                    "W": 8,
                    "T": 0,
                    "L": 35
                }
            },
            "unicoil": {
                "recall@1000": {
                    "W": 19,
                    "T": 6,
                    "L": 18
                },
                "ndcg@10": {
                    "W": 10,
                    "T": 1,
                    "L": 32
                }
            },
            "Splade": {
                "recall@1000": {
                    "W": 10,
                    "T": 9,
                    "L": 24
                },
                "ndcg@10": {
                    "W": 7,
                    "T": 0,
                    "L": 36
                }
            }
        }
    },
    "TF-IDF": {
        "scores": {
            "recall@1000": 0.7364430468576585,
            "ndcg@10": 0.4779823115985479
        },
        "comparisons": {
            "BM25": {
                "recall@1000": 0.7104720302873407,
                "ndcg@10": 0.4195341410657907
            },
            "DeepCT": {
                "recall@1000": 0.7374740694938858,
                "ndcg@10": 0.04076348516389231
            },
            "deepimpact": {
                "recall@1000": 0.8311767060003317,
                "ndcg@10": 1.528443579607951e-05
            },
            "unicoil": {
                "recall@1000": 0.9881100510618028,
                "ndcg@10": 0.0002606444090001278
            },
            "Splade": {
                "recall@1000": 0.01108336674953433,
                "ndcg@10": 1.2175513883456218e-07
            }
        },
        "win_tie_loss": {
            "BM25": {
                "recall@1000": {
                    "W": 2,
                    "T": 39,
                    "L": 2
                },
                "ndcg@10": {
                    "W": 2,
                    "T": 39,
                    "L": 2
                }
            },
            "DeepCT": {
                "recall@1000": {
                    "W": 18,
                    "T": 10,
                    "L": 15
                },
                "ndcg@10": {
                    "W": 15,
                    "T": 0,
                    "L": 28
                }
            },
            "deepimpact": {
                "recall@1000": {
                    "W": 22,
                    "T": 8,
                    "L": 13
                },
                "ndcg@10": {
                    "W": 8,
                    "T": 0,
                    "L": 35
                }
            },
            "unicoil": {
                "recall@1000": {
                    "W": 19,
                    "T": 6,
                    "L": 18
                },
                "ndcg@10": {
                    "W": 10,
                    "T": 1,
                    "L": 32
                }
            },
            "Splade": {
                "recall@1000": {
                    "W": 10,
                    "T": 9,
                    "L": 24
                },
                "ndcg@10": {
                    "W": 6,
                    "T": 0,
                    "L": 37
                }
            }
        }
    },
    "DeepCT": {
        "scores": {
            "recall@1000": 0.7441142156681043,
            "ndcg@10": 0.5303409381367997
        },
        "comparisons": {
            "BM25": {
                "recall@1000": 0.7286809987948641,
                "ndcg@10": 0.047126504413426494
            },
            "TF-IDF": {
                "recall@1000": 0.7374740694938858,
                "ndcg@10": 0.04076348516389231
            },
            "deepimpact": {
                "recall@1000": 0.6428611949604508,
                "ndcg@10": 0.0006927538399032703
            },
            "unicoil": {
                "recall@1000": 0.8517828840362752,
                "ndcg@10": 0.006294075068047691
            },
            "Splade": {
                "recall@1000": 0.0060253782265936575,
                "ndcg@10": 1.5881171511381531e-06
            }
        },
        "win_tie_loss": {
            "BM25": {
                "recall@1000": {
                    "W": 15,
                    "T": 11,
                    "L": 17
                },
                "ndcg@10": {
                    "W": 27,
                    "T": 0,
                    "L": 16
                }
            },
            "TF-IDF": {
                "recall@1000": {
                    "W": 15,
                    "T": 10,
                    "L": 18
                },
                "ndcg@10": {
                    "W": 28,
                    "T": 0,
                    "L": 15
                }
            },
            "deepimpact": {
                "recall@1000": {
                    "W": 21,
                    "T": 8,
                    "L": 14
                },
                "ndcg@10": {
                    "W": 13,
                    "T": 1,
                    "L": 29
                }
            },
            "unicoil": {
                "recall@1000": {
                    "W": 20,
                    "T": 8,
                    "L": 15
                },
                "ndcg@10": {
                    "W": 13,
                    "T": 1,
                    "L": 29
                }
            },
            "Splade": {
                "recall@1000": {
                    "W": 9,
                    "T": 8,
                    "L": 26
                },
                "ndcg@10": {
                    "W": 6,
                    "T": 1,
                    "L": 36
                }
            }
        }
    },
    "deepimpact": {
        "scores": {
            "recall@1000": 0.7290900348797035,
            "ndcg@10": 0.6628267660919208
        },
        "comparisons": {
            "BM25": {
                "recall@1000": 0.8365239231219908,
                "ndcg@10": 1.9045556139030655e-05
            },
            "TF-IDF": {
                "recall@1000": 0.8311767060003317,