{
    "stat_test": "student",
    "metrics": [
        "recall@1000",
        "ndcg@10"
    ],
    "model_names": [
        "BM25",
        "TF-IDF",
        "DeepCT",
        "DeepImpact",
        "uniCOIL",
        "Splade"
    ],
    "BM25": {
        "scores": {
            "recall@1000": 0.36062098059945463,
            "ndcg@10": 0.32315342271375497
        },
        "comparisons": {
            "TF-IDF": {
                "recall@1000": 0.1263030678513487,
                "ndcg@10": 0.7302252710572616
            },
            "DeepCT": {
                "recall@1000": 0.023747852813067773,
                "ndcg@10": 0.5540090737433666
            },
            "DeepImpact": {
                "recall@1000": 1.1290390173549152e-07,
                "ndcg@10": 0.1453836466598922
            },
            "uniCOIL": {
                "recall@1000": 1.7640988318941393e-16,
                "ndcg@10": 0.8180188232206926
            },
            "Splade": {
                "recall@1000": 1.147384545301314e-39,
                "ndcg@10": 0.033923036727646134
            }
        },
        "win_tie_loss": {
            "TF-IDF": {
                "recall@1000": {
                    "W": 9,
                    "T": 307,
                    "L": 7
                },
                "ndcg@10": {
                    "W": 29,
                    "T": 272,
                    "L": 22
                }
            },
            "DeepCT": {
                "recall@1000": {
                    "W": 78,
                    "T": 227,
                    "L": 18
                },
                "ndcg@10": {
                    "W": 78,
                    "T": 162,
                    "L": 83
                }
            },
            "DeepImpact": {
                "recall@1000": {
                    "W": 120,
                    "T": 178,
                    "L": 25
                },
                "ndcg@10": {
                    "W": 96,
                    "T": 146,
                    "L": 81
                }
            },
            "uniCOIL": {
                "recall@1000": {
                    "W": 40,
                    "T": 106,
                    "L": 177
                },
                "ndcg@10": {
                    "W": 90,
                    "T": 138,
                    "L": 95
                }
            },
            "Splade": {
                "recall@1000": {
                    "W": 19,
                    "T": 72,
                    "L": 232
                },
                "ndcg@10": {
                    "W": 77,
                    "T": 134,
                    "L": 112
                }
            }
        }
    },
    "TF-IDF": {
        "scores": {
            "recall@1000": 0.3629468531913492,
            "ndcg@10": 0.32367798169865253
        },
        "comparisons": {
            "BM25": {
                "recall@1000": 0.1263030678513487,
                "ndcg@10": 0.7302252710572616
            },
            "DeepCT": {
                "recall@1000": 0.0036336812982419534,
                "ndcg@10": 0.44209615136545277
            },
            "DeepImpact": {
                "recall@1000": 1.968666633646993e-09,
                "ndcg@10": 0.1127783680900872
            },
            "uniCOIL": {
                "recall@1000": 2.986265175190706e-16,
                "ndcg@10": 0.8713090620247154
            },
            "Splade": {
                "recall@1000": 2.259832197001174e-39,
                "ndcg@10": 0.03219896812069173
            }
        },
        "win_tie_loss": {
            "BM25": {
                "recall@1000": {
                    "W": 7,
                    "T": 307,
                    "L": 9
                },
                "ndcg@10": {
                    "W": 22,
                    "T": 272,
                    "L": 29
                }
            },
            "DeepCT": {
                "recall@1000": {
                    "W": 75,
                    "T": 232,
                    "L": 16
                },
                "ndcg@10": {
                    "W": 77,
                    "T": 162,
                    "L": 84
                }
            },
            "DeepImpact": {
                "recall@1000": {
                    "W": 118,
                    "T": 178,
                    "L": 27
                },
                "ndcg@10": {
                    "W": 96,
                    "T": 146,
                    "L": 81
                }
            },
            "uniCOIL": {
                "recall@1000": {
                    "W": 38,
                    "T": 108,
                    "L": 177
                },
                "ndcg@10": {
                    "W": 91,
                    "T": 138,
                    "L": 94
                }
            },
            "Splade": {
                "recall@1000": {
                    "W": 18,
                    "T": 72,
                    "L": 233
                },
                "ndcg@10": {
                    "W": 75,
                    "T": 136,
                    "L": 112
                }
            }
        }
    },
    "DeepCT": {
        "scores": {
            "recall@1000": 0.35124570440610536,
            "ndcg@10": 0.32070681797488987
        },
        "comparisons": {
            "BM25": {
                "recall@1000": 0.023747852813067773,
                "ndcg@10": 0.5540090737433666
            },
            "TF-IDF": {
                "recall@1000": 0.0036336812982419534,
                "ndcg@10": 0.44209615136545277
            },
            "DeepImpact": {
                "recall@1000": 8.468112625694548e-06,
                "ndcg@10": 0.23245604816184182
            },
            "uniCOIL": {
                "recall@1000": 3.492106624649684e-21,
                "ndcg@10": 0.5419174645277505
            },
            "Splade": {
                "recall@1000": 2.348330829800659e-41,
                "ndcg@10": 0.009074488750139375
            }
        },
        "win_tie_loss": {
            "BM25": {
                "recall@1000": {
                    "W": 18,
                    "T": 227,
                    "L": 78
                },
                "ndcg@10": {
                    "W": 83,
                    "T": 162,
                    "L": 78
                }
            },
            "TF-IDF": {
                "recall@1000": {
                    "W": 16,
                    "T": 232,
                    "L": 75
                },
                "ndcg@10": {
                    "W": 84,
                    "T": 162,
                    "L": 77
                }
            },
            "DeepImpact": {
                "recall@1000": {
                    "W": 102,
                    "T": 178,
                    "L": 43
                },
                "ndcg@10": {
                    "W": 93,
                    "T": 150,
                    "L": 80
                }
            },
            "uniCOIL": {
                "recall@1000": {
                    "W": 34,
                    "T": 101,
                    "L": 188
                },
                "ndcg@10": {
                    "W": 90,
                    "T": 140,
                    "L": 93
                }
            },
            "Splade": {
                "recall@1000": {
                    "W": 20,
                    "T": 60,
                    "L": 243
                },
                "ndcg@10": {
                    "W": 81,
                    "T": 133,
                    "L": 109
                }
            }
        }
    },
    "DeepImpact": {
        "scores": {
            "recall@1000": 0.3249544248862573,
            "ndcg@10": 0.3127656884029945
        },
        "comparisons": {
            "BM25": {
                "recall@1000": 1.1290390173549152e-07,
                "ndcg@10": 0.1453836466598922
            },