{
    "stat_test": "student",
    "metrics": [
        "recall@1000",
        "ndcg@10"
    ],
    "model_names": [
        "BM25",
        "TF-IDF",
        "DeepCT",
        "deepimpact",
        "unicoil",
        "Splade"
    ],
    "BM25": {
        "scores": {
            "recall@1000": 0.9926264904041671,
            "ndcg@10": 0.7695106159230224
        },
        "comparisons": {
            "TF-IDF": {
                "recall@1000": 0.09590830294699478,
                "ndcg@10": 0.6716233424402982
            },
            "DeepCT": {
                "recall@1000": 2.9758373616495935e-09,
                "ndcg@10": 1.7122641397408163e-23
            },
            "deepimpact": {
                "recall@1000": 1.8517329454250717e-21,
                "ndcg@10": 1.2318733530714449e-232
            },
            "unicoil": {
                "recall@1000": 1.7346253595345476e-13,
                "ndcg@10": 0.0
            },
            "Splade": {
                "recall@1000": 7.948423371732363e-19,
                "ndcg@10": 6.174161690827782e-95
            }
        },
        "win_tie_loss": {
            "TF-IDF": {
                "recall@1000": {
                    "W": 6,
                    "T": 9992,
                    "L": 2
                },
                "ndcg@10": {
                    "W": 80,
                    "T": 9816,
                    "L": 104
                }
            },
            "DeepCT": {
                "recall@1000": {
                    "W": 73,
                    "T": 9901,
                    "L": 26
                },
                "ndcg@10": {
                    "W": 2012,
                    "T": 6655,
                    "L": 1333
                }
            },
            "deepimpact": {
                "recall@1000": {
                    "W": 260,
                    "T": 9658,
                    "L": 82
                },
                "ndcg@10": {
                    "W": 3658,
                    "T": 4846,
                    "L": 1496
                }
            },
            "unicoil": {
                "recall@1000": {
                    "W": 248,
                    "T": 9663,
                    "L": 89
                },
                "ndcg@10": {
                    "W": 4216,
                    "T": 4286,
                    "L": 1498
                }
            },
            "Splade": {
                "recall@1000": {
                    "W": 17,
                    "T": 9834,
                    "L": 149
                },
                "ndcg@10": {
                    "W": 1505,
                    "T": 5781,
                    "L": 2714
                }
            }
        }
    },
    "TF-IDF": {
        "scores": {
            "recall@1000": 0.9923857219933144,
            "ndcg@10": 0.7696176202733388
        },
        "comparisons": {
            "BM25": {
                "recall@1000": 0.09590830294699478,
                "ndcg@10": 0.6716233424402982
            },
            "DeepCT": {
                "recall@1000": 4.981034654283325e-08,
                "ndcg@10": 7.85379177618372e-24
            },
            "deepimpact": {
                "recall@1000": 2.1671019638451648e-20,
                "ndcg@10": 5.873390144975192e-234
            },
            "unicoil": {
                "recall@1000": 1.2572774770697566e-12,
                "ndcg@10": 0.0
            },
            "Splade": {
                "recall@1000": 2.053913825437663e-19,
                "ndcg@10": 6.204469524595915e-95
            }
        },
        "win_tie_loss": {
            "BM25": {
                "recall@1000": {
                    "W": 2,
                    "T": 9992,
                    "L": 6
                },
                "ndcg@10": {
                    "W": 104,
                    "T": 9816,
                    "L": 80
                }
            },
            "DeepCT": {
                "recall@1000": {
                    "W": 69,
                    "T": 9904,
                    "L": 27
                },
                "ndcg@10": {
                    "W": 2020,
                    "T": 6649,
                    "L": 1331
                }
            },
            "deepimpact": {
                "recall@1000": {
                    "W": 261,
                    "T": 9654,
                    "L": 85
                },
                "ndcg@10": {
                    "W": 3661,
                    "T": 4854,
                    "L": 1485
                }
            },
            "unicoil": {
                "recall@1000": {
                    "W": 247,
                    "T": 9660,
                    "L": 93
                },
                "ndcg@10": {
                    "W": 4216,
                    "T": 4287,
                    "L": 1497
                }
            },
            "Splade": {
                "recall@1000": {
                    "W": 16,
                    "T": 9832,
                    "L": 152
                },
                "ndcg@10": {
                    "W": 1500,
                    "T": 5788,
                    "L": 2712
                }
            }
        }
    },
    "DeepCT": {
        "scores": {
            "recall@1000": 0.989602424182271,
            "ndcg@10": 0.7499504019464385
        },
        "comparisons": {
            "BM25": {
                "recall@1000": 2.9758373616495935e-09,
                "ndcg@10": 1.7122641397408163e-23
            },
            "TF-IDF": {
                "recall@1000": 4.981034654283325e-08,
                "ndcg@10": 7.85379177618372e-24
            },
            "deepimpact": {
                "recall@1000": 2.360802726395412e-11,
                "ndcg@10": 7.697387561742276e-173
            },
            "unicoil": {
                "recall@1000": 1.852902534819413e-05,
                "ndcg@10": 2.433124012128222e-233
            },
            "Splade": {
                "recall@1000": 4.9654702766339224e-26,
                "ndcg@10": 4.5472139519027916e-138
            }
        },
        "win_tie_loss": {
            "BM25": {
                "recall@1000": {
                    "W": 26,
                    "T": 9901,
                    "L": 73
                },
                "ndcg@10": {
                    "W": 1333,
                    "T": 6655,
                    "L": 2012
                }
            },
            "TF-IDF": {
                "recall@1000": {
                    "W": 27,
                    "T": 9904,
                    "L": 69
                },
                "ndcg@10": {
                    "W": 1331,
                    "T": 6649,
                    "L": 2020
                }
            },
            "deepimpact": {
                "recall@1000": {
                    "W": 251,
                    "T": 9638,
                    "L": 111
                },
                "ndcg@10": {
                    "W": 3382,
                    "T": 5031,
                    "L": 1587
                }
            },
            "unicoil": {
                "recall@1000": {
                    "W": 245,
                    "T": 9631,
                    "L": 124
                },
                "ndcg@10": {
                    "W": 4060,
                    "T": 4155,
                    "L": 1785
                }
            },
            "Splade": {
                "recall@1000": {
                    "W": 17,
                    "T": 9800,
                    "L": 183
                },
                "ndcg@10": {
                    "W": 1451,
                    "T": 5512,
                    "L": 3037
                }
            }
        }
    },
    "deepimpact": {
        "scores": {
            "recall@1000": 0.9810242896847143,
            "ndcg@10": 0.6542756870923243
        },