{
    "stat_test": "student",
    "metrics": [
        "recall@1000",
        "ndcg@10"
    ],
    "model_names": [
        "BM25",
        "TF-IDF",
        "DeepCT",
        "DeepImpact",
        "uniCOIL",
        "Splade"
    ],
    "BM25": {
        "scores": {
            "recall@1000": 0.97,
            "ndcg@10": 0.672166742041161
        },
        "comparisons": {
            "TF-IDF": {
                "recall@1000": NaN,
                "ndcg@10": 0.07957668735377997
            },
            "DeepCT": {
                "recall@1000": 1.0,
                "ndcg@10": 0.6008128305148132
            },
            "DeepImpact": {
                "recall@1000": 0.24080714506285342,
                "ndcg@10": 0.07327518612494412
            },
            "uniCOIL": {
                "recall@1000": 0.8083744668553936,
                "ndcg@10": 0.9518889141365401
            },
            "Splade": {
                "recall@1000": 0.03366894810648614,
                "ndcg@10": 0.7050202311529308
            }
        },
        "win_tie_loss": {
            "TF-IDF": {
                "recall@1000": {
                    "W": 0,
                    "T": 300,
                    "L": 0
                },
                "ndcg@10": {
                    "W": 23,
                    "T": 262,
                    "L": 15
                }
            },
            "DeepCT": {
                "recall@1000": {
                    "W": 1,
                    "T": 298,
                    "L": 1
                },
                "ndcg@10": {
                    "W": 48,
                    "T": 214,
                    "L": 38
                }
            },
            "DeepImpact": {
                "recall@1000": {
                    "W": 11,
                    "T": 284,
                    "L": 5
                },
                "ndcg@10": {
                    "W": 65,
                    "T": 182,
                    "L": 53
                }
            },
            "uniCOIL": {
                "recall@1000": {
                    "W": 6,
                    "T": 290,
                    "L": 4
                },
                "ndcg@10": {
                    "W": 59,
                    "T": 182,
                    "L": 59
                }
            },
            "Splade": {
                "recall@1000": {
                    "W": 1,
                    "T": 292,
                    "L": 7
                },
                "ndcg@10": {
                    "W": 50,
                    "T": 182,
                    "L": 68
                }
            }
        }
    },
    "TF-IDF": {
        "scores": {
            "recall@1000": 0.97,
            "ndcg@10": 0.6656352392410383
        },
        "comparisons": {
            "BM25": {
                "recall@1000": NaN,
                "ndcg@10": 0.07957668735377997
            },
            "DeepCT": {
                "recall@1000": 1.0,
                "ndcg@10": 0.8391364204669667
            },
            "DeepImpact": {
                "recall@1000": 0.24080714506285342,
                "ndcg@10": 0.16887625111798166
            },
            "uniCOIL": {
                "recall@1000": 0.8083744668553936,
                "ndcg@10": 0.6260106336449957
            },
            "Splade": {
                "recall@1000": 0.03366894810648614,
                "ndcg@10": 0.41572491677934953
            }
        },
        "win_tie_loss": {
            "BM25": {
                "recall@1000": {
                    "W": 0,
                    "T": 300,
                    "L": 0
                },
                "ndcg@10": {
                    "W": 15,
                    "T": 262,
                    "L": 23
                }
            },
            "DeepCT": {
                "recall@1000": {
                    "W": 1,
                    "T": 298,
                    "L": 1
                },
                "ndcg@10": {
                    "W": 44,
                    "T": 214,
                    "L": 42
                }
            },
            "DeepImpact": {
                "recall@1000": {
                    "W": 11,
                    "T": 284,
                    "L": 5
                },
                "ndcg@10": {
                    "W": 61,
                    "T": 181,
                    "L": 58
                }
            },
            "uniCOIL": {
                "recall@1000": {
                    "W": 6,
                    "T": 290,
                    "L": 4
                },
                "ndcg@10": {
                    "W": 57,
                    "T": 180,
                    "L": 63
                }
            },
            "Splade": {
                "recall@1000": {
                    "W": 1,
                    "T": 292,
                    "L": 7
                },
                "ndcg@10": {
                    "W": 47,
                    "T": 180,
                    "L": 73
                }
            }
        }
    },
    "DeepCT": {
        "scores": {
            "recall@1000": 0.97,
            "ndcg@10": 0.6674798233968301
        },
        "comparisons": {
            "BM25": {
                "recall@1000": 1.0,
                "ndcg@10": 0.6008128305148132
            },
            "TF-IDF": {
                "recall@1000": 1.0,
                "ndcg@10": 0.8391364204669667
            },
            "DeepImpact": {
                "recall@1000": 0.2040011911479126,
                "ndcg@10": 0.13285269461654153
            },
            "uniCOIL": {
                "recall@1000": 0.8083744668553936,
                "ndcg@10": 0.7272485875210046
            },
            "Splade": {
                "recall@1000": 0.03366894810648614,
                "ndcg@10": 0.5224135491555197
            }
        },
        "win_tie_loss": {
            "BM25": {
                "recall@1000": {
                    "W": 1,
                    "T": 298,
                    "L": 1
                },
                "ndcg@10": {
                    "W": 38,
                    "T": 214,
                    "L": 48
                }
            },
            "TF-IDF": {
                "recall@1000": {
                    "W": 1,
                    "T": 298,
                    "L": 1
                },
                "ndcg@10": {
                    "W": 42,
                    "T": 214,
                    "L": 44
                }
            },
            "DeepImpact": {
                "recall@1000": {
                    "W": 10,
                    "T": 286,
                    "L": 4
                },
                "ndcg@10": {
                    "W": 55,
                    "T": 195,
                    "L": 50
                }
            },
            "uniCOIL": {
                "recall@1000": {
                    "W": 6,
                    "T": 290,
                    "L": 4
                },
                "ndcg@10": {
                    "W": 54,
                    "T": 187,
                    "L": 59
                }
            },
            "Splade": {
                "recall@1000": {
                    "W": 1,
                    "T": 292,
                    "L": 7
                },
                "ndcg@10": {
                    "W": 49,
                    "T": 184,
                    "L": 67
                }
            }
        }
    },
    "DeepImpact": {
        "scores": {
            "recall@1000": 0.9555555555555556,
            "ndcg@10": 0.6439734626266684
        },
        "comparisons": {
            "BM25": {
                "recall@1000": 0.24080714506285342,
                "ndcg@10": 0.07327518612494412
            },
            "TF-IDF": {
                "recall@1000": 0.24080714506285342,
                "ndcg@10": 0.16887625111798166
            },
            "DeepCT": {
                "recall@1000": 0.2040011911479126,