name,R@1000,RR@10,AP@1000,nDCG@10
"BM25, fever",0.9248404007067375,0.681304261378519,0.6465158712322563,0.6997254417254345
"TF-IDF, fever",0.9245753742040873,0.6824473518780451,0.6478402023208011,0.701149471164187
"DeepCT, fever",0.946155210759171,0.7223971206644454,0.6849782311574459,0.7350662720744631
"Splade, fever",0.9719807099757596,0.7732657194290833,0.7322763468131268,0.7780884764212836
"unicoil, fever",0.9693634839674444,0.8285754170655142,0.7869448721562798,0.8258184697210411
"deepimpact, fever",0.9665074245519789,0.8190349392082045,0.7772322106935373,0.8158389340155321
