,name,R@1000,RR@10,AP@1000,nDCG@10
0,"BM25, hotpotqa",0.8520594193112762,0.8015608286978967,0.5522495982232005,0.6367667634529722
1,"TF-IDF, hotpotqa",0.8503713706954761,0.8051292562940076,0.5534398022724261,0.6372372652981675
2,"DeepCT, hotpotqa",0.8395003376097232,0.8055885662840401,0.5533918304561893,0.635367181066402
3,"Splade, hotpotqa",0.8945307224848076,0.8590658392548979,0.601820172894411,0.6837956909055379
4,"unicoil, hotpotqa",0.849628629304524,0.8534906701820932,0.5838626656080618,0.6686412879510489
5,"deepimpact, hotpotqa",0.8820391627278865,0.8574664801774846,0.6113062506452263,0.6900565956437