name,R@1000,RR(rel=2)@10,AP(rel=2)@1000,nDCG@10
"BM25, msmarco-passage",0.7361896623436667,0.8410852713178294,0.43546042373825605,0.6838495298884365
"TF-IDF, msmarco-passage",0.7364430468576585,0.8244186046511629,0.43797747439872103,0.6921340842971911
"DeepCT, msmarco-passage",0.7441142156681042,0.8585271317829457,0.4437787760132263,0.695154116810458
"Splade, msmarco-passage",0.8297422032341625,0.9108527131782946,0.5038253900818389,0.7345239237547171
"unicoil, msmarco-passage",0.7375191062071397,0.8720930232558142,0.4356368626041824,0.6940965784684139
"deepimpact, msmarco-passage",0.7290900348797036,0.849483204134367,0.45448014867073877,0.7220208985045128
