name,R@1000,RR@10,AP@1000,nDCG@10
"BM25, fever",0.9248404007067375,0.38395416922644615,0.37672448531187974,0.42725468721328497
"TF-IDF, fever",0.9245753742040873,0.3845794698517465,0.37728918009547335,0.4276609277695842
"DeepCT, fever",0.946155210759171,0.5578101857804849,0.5325574654381142,0.5850278762637884
"Splade, fever",0.9719807099757596,0.7558799332314166,0.7162649493829258,0.7627387172843728
"unicoil, fever",0.9693634839674443,0.802928507136427,0.7641978791949999,0.8030581392520366
"deepimpact, fever",0.9665074245519791,0.7696792893575067,0.7312345143936481,0.7708089518721601
