name,R@1000,RR@10,AP@1000,nDCG@10
"BM25, hotpotqa",0.8520594193112762,0.6624169640847555,0.4343996742127122,0.5128280818195848
"TF-IDF, hotpotqa",0.8503713706954761,0.6617561600377262,0.4335226941159982,0.5121327169673733
"DeepCT, hotpotqa",0.8395003376097232,0.7420364832856383,0.4944084891283988,0.576473721076307
"Splade, hotpotqa",0.8945307224848076,0.8547646913818401,0.5950021146115918,0.6779935648954748
"unicoil, hotpotqa",0.849628629304524,0.8111735421154712,0.5360994260202782,0.6218698651692129
"deepimpact, hotpotqa",0.8820391627278865,0.8142707629979724,0.5653535453586098,0.647164741800743
