name,R@1000,RR(rel=2)@10,AP(rel=2)@1000,nDCG@10
"BM25, msmarco-passage",0.7361896623436667,0.6396548541897378,0.286447676563965,0.4795398322478301
"TF-IDF, msmarco-passage",0.7364430468576585,0.6396548541897378,0.2863418372746098,0.47831042661337564
"DeepCT, msmarco-passage",0.7441142156681042,0.6787098560354373,0.3302967975858502,0.5303409381367996
"Splade, msmarco-passage",0.8297422032341625,0.9186046511627909,0.5041985091652356,0.7292700379007817
"unicoil, msmarco-passage",0.7373541713564056,0.7507751937984496,0.3889849423793074,0.6309848989177166
"deepimpact, msmarco-passage",0.7289884811069809,0.8199889258028792,0.40979823305009505,0.6656468778312982
